marker_EOI_content_after_num,marker_DQT_num,marker_DHT_num,file_markers_num,marker_DQT_size_max,marker_DHT_size_max,file_size,marker_COM_size_max,marker_APP1_size_max,marker_APP12_size_max,target
0,1,1,51,132,418,44085,0,5521,0,100
0,2,4,12,67,181,7678,59,0,0,100
0,2,4,11,67,77,11588,0,0,0,100
0,2,4,13,67,21,334,19,22,0,100
61,2,4,12,67,181,5902,59,0,0,100
58,2,10,26,67,70,6922,0,0,0,100
0,2,4,12,67,181,14978,60,0,0,100
340,2,4,12,67,181,3820,59,0,0,100
0,1,1,17,132,184,27374,0,14954,0,100
60,2,4,12,67,181,4427,59,0,0,100
0,0,1,9,0,162,36392,37910,0,17,100
0,1,1,22,132,418,23246,0,6136,0,100
0,1,1,9,132,200,27659,0,0,17,100
0,2,4,11,67,60,5013,0,0,0,100
0,1,1,9,132,105,399,0,0,17,100
0,2,4,11,67,181,5888,0,0,0,100
170,2,4,12,67,181,5322,59,0,0,100
0,2,4,11,67,61,6393,0,0,0,100
0,1,1,10,132,238,57060,0,884,17,100
4815,2,4,12,67,181,7292,62,0,0,100
0,2,4,11,67,181,43132,0,0,0,100
646,1,1,9,132,103,1267,0,0,17,100
75,2,4,12,67,60,9982,50,0,0,100
0,2,4,12,67,181,3266,59,0,0,100
0,2,4,12,67,181,25783,59,0,0,100
170,2,4,12,67,181,5459,59,0,0,100
0,1,1,102,132,418,334310,0,4230,0,100
4755,2,4,12,67,181,7225,62,0,0,100
0,2,4,11,67,76,10366,0,0,0,100
0,2,4,13,67,75,25946,3,0,0,100
0,1,1,22,132,181,1070,0,0,17,100
0,1,1,9,132,110,968,0,0,17,100
1415,2,4,12,67,181,10604,60,0,0,100
231,1,2,8,67,181,172611,0,1524,0,100
0,1,1,19,132,418,16959,0,3734,0,100
0,2,4,12,67,181,11413,59,0,0,100
645,1,1,17,132,223,58451,0,16310,0,100
59193,4,8,30,67,181,98632,38,0,0,100
0,1,4,10,132,71,5137,0,0,0,100
0,2,4,11,67,66,8518,0,0,0,100
60,2,4,11,67,58,3100,0,0,0,100
0,2,4,12,67,181,14443,59,0,0,100
101,2,4,12,67,181,3390,59,0,0,100
39805,2,4,12,67,181,41587,62,0,0,100
846,2,4,11,67,181,5647,0,0,0,100
4818,2,4,11,67,62,11435,0,0,0,100
0,2,4,12,67,181,17142,60,0,0,100
58,2,4,12,67,181,1963,59,0,0,100
59,2,10,27,67,58,5057,0,0,0,100
0,2,4,11,67,56,4425,0,0,0,100
0,0,1,9,0,162,12789,37910,0,17,100
39792,2,4,12,67,181,41548,62,0,0,100
0,2,4,12,67,181,2499,59,0,0,100
0,2,4,12,67,181,3163,59,0,0,100
0,2,4,11,67,83,6083,0,0,0,100
0,2,4,13,67,181,11143,0,22,0,100
0,2,4,12,67,181,24921,0,161,0,100
1816,2,4,12,67,181,4956,59,0,0,100
0,0,1,9,0,162,32819,37910,0,17,100
0,2,4,12,67,181,5882,59,0,0,100
63,2,4,12,67,181,27909,59,0,0,100
0,2,4,12,67,181,13877,60,0,0,100
60,2,4,11,67,55,2966,0,0,0,100
0,1,1,23,132,172,2341,0,811,17,100
340,2,4,12,67,181,4452,59,0,0,100
0,1,1,15613,132,418,2982565,0,16494,0,100
0,1,4,10,132,60,3495,0,0,0,100
11175,1,1,9,132,200,50303,0,0,17,100
0,1,1,8,132,156,40935,0,0,0,100
0,0,0,2,0,0,852,0,0,0,100
59,2,4,12,67,181,7366,62,0,0,100
3277,2,4,11,67,181,12453,0,0,0,100
1013,2,4,12,67,181,3374,62,0,0,100
0,1,1,36,132,418,63068,0,10235,0,100
76,1,1,50,132,319,54030,0,5460,0,100
265,2,4,12,67,181,3243,62,0,0,100
0,0,1,9,0,162,4098,37910,0,17,100
0,2,4,12,67,181,1905,59,0,0,100
62,1,1,9,132,214,38250,0,0,17,100
231,2,4,12,67,181,8433,59,0,0,100
15991,2,4,12,67,181,19567,62,0,0,100
6363,2,4,12,67,181,8734,62,0,0,100
0,2,4,12,67,181,3058,59,0,0,100
0,1,1,23,132,260,19652,0,161,17,100
0,2,4,13,67,181,4434,59,161,0,100
340,2,4,12,67,181,2748,59,0,0,100
12258,2,4,12,67,181,17887,62,0,0,100
0,1,1,36,132,191,70908,0,17115,0,100
60,2,4,12,67,181,1965,59,0,0,100
128,1,1,160,132,418,252407,0,0,0,100
1415,2,4,12,67,181,8577,60,0,0,100
10097,1,1,33,132,418,20698,39,0,0,100
0,2,4,12,67,181,43293,59,0,0,100
0,2,4,11,67,88,8810,0,0,0,100
113,2,4,12,67,181,3887,59,0,0,100
206,1,1,18,132,303,105301,0,7633,0,100
0,2,4,12,67,181,45927,59,0,0,100
170,2,4,12,67,181,4822,59,0,0,100
0,1,1,10,132,197,644358,0,161,17,100
0,1,1,27,132,418,32248,0,5139,0,100
0,1,1,18,132,418,12242,0,4120,0,100
0,1,1,19,132,319,25242,0,5608,0,100
0,1,1,9,132,102,827,0,0,17,100
0,2,4,12,67,181,4628,60,0,0,100
21752,2,4,12,67,181,25000,59,0,0,100
0,2,4,12,67,80,12967,0,161,0,100
0,1,1,9,132,200,11039,0,0,17,100
0,1,1,16,132,137,13209,0,4642,0,100
4761,1,1,19,132,418,16435,0,0,0,100
110,2,4,12,67,181,57234,62,0,0,100
0,2,4,12,67,181,9126,59,0,0,100
0,2,4,12,67,21,459,0,161,0,100
2671,1,1,9,132,103,3323,0,0,17,100
1415,2,4,12,67,181,11867,60,0,0,100
0,2,4,12,67,181,10901,60,0,0,100
39771,2,4,12,67,181,41748,62,0,0,100
0,2,11,29,67,60,8331,4,0,0,100
0,2,4,12,67,181,39219,60,0,0,100
0,2,4,12,67,71,17978,0,12834,0,100
0,2,4,11,67,65,7494,0,0,0,100
0,2,4,12,67,181,7198,59,0,0,100
0,2,4,12,67,181,7367,59,0,0,100
62798,2,4,12,67,72,90683,62,0,0,100
57,2,4,12,67,181,14097,59,0,0,100
0,2,4,11,67,65,8637,0,0,0,100
0,1,1,10,132,107,1062,0,161,17,100
9868,2,4,12,67,181,15801,62,0,0,100
0,2,4,14,67,181,60207,0,304,17,100
0,2,4,12,67,58,5451,0,59,0,100
0,1,1,25,132,319,17463,0,0,0,100
0,2,4,11,67,65,28731,0,0,0,100
0,2,4,12,67,181,29512,59,0,0,100
0,2,4,14,67,77,739847,0,5799,0,100
0,1,1,9,132,132,2506,0,0,17,100
61,2,4,16,67,181,37501,0,15029,0,100
116,2,4,12,67,181,2772,59,0,0,100
0,1,4,10,132,60,8932,0,0,0,100
0,2,4,12,67,181,2502,59,0,0,100
39782,2,4,12,67,181,41452,62,0,0,100
0,2,4,11,67,58,4674,0,0,0,100
0,2,4,12,67,181,2324,59,0,0,100
1290,2,4,12,67,181,2804,59,0,0,100
0,2,10,31,67,58,20593,32,7536,0,100
0,1,1,17,132,189,19291,0,4680,0,100
101,2,4,12,67,181,1855,59,0,0,100
0,1,1,10,132,159,7500,0,884,17,100
0,1,1,47,132,418,62209,0,14955,0,100
0,2,4,11,67,82,59330,0,0,0,100
0,2,10,26,67,54,4209,0,0,0,100
359,1,1,29,132,418,35812,39,0,0,100
0,2,4,11,67,48,2534,0,0,0,100
0,2,4,11,67,65,8958,0,0,0,100
0,2,4,12,67,181,1373,59,0,0,100
0,2,4,12,67,181,2537,59,0,0,100
0,1,1,25,132,279,501463,0,15027,0,100
62,2,4,12,67,181,8731,60,0,0,100
0,2,4,12,67,65,10306,0,161,0,100
3462,2,4,12,67,181,7922,59,0,0,100
265,2,4,12,67,181,2447,62,0,0,100
0,1,4,11,132,70,30201,0,128,0,100
0,1,1,10,132,227,38687,0,161,17,100
101,2,4,12,67,181,2226,59,0,0,100
0,1,1,138,132,418,494627,0,7093,0,100
72,1,1,22,132,229,8357,0,0,17,100
0,0,0,6,0,0,81634,0,4446,0,100
0,2,4,11,67,64,4275,0,0,0,100
0,2,4,12,67,181,5901,59,0,0,100
1415,2,4,12,67,181,9981,60,0,0,100
0,2,4,13,67,181,104202,0,770,0,100
0,1,4,10,132,54,1513,0,0,0,100
0,2,4,12,67,181,12202,60,0,0,100
60,1,1,9,132,211,35996,0,0,17,100
0,1,1,8,132,418,132111,0,9192,0,100
0,2,4,12,67,181,5241,59,0,0,100
0,2,4,12,67,181,13019,59,0,0,100
0,2,4,11,67,181,5010,0,0,0,100
0,1,1,10,132,183,5486,0,161,17,100
0,1,1,9,132,182,6149,0,0,17,100
61,2,4,11,67,59,2875,0,0,0,100
0,1,1,9,132,190,15727,0,0,17,100
0,2,10,27,67,52,13212,59,0,0,100
0,2,4,11,67,67,16603,0,0,0,100
0,2,4,15,67,181,73400,0,0,0,100
0,2,4,11,67,85,152077,0,0,0,100
0,2,4,12,67,53,6240,0,75,0,100
0,2,4,13,67,181,5153,59,161,0,100
0,2,4,12,67,79,8556,12,0,0,100
57,2,4,12,67,181,3829,59,0,0,100
0,1,4,10,132,65,21937,0,0,0,100
170,2,4,12,67,181,4730,59,0,0,100
138,2,4,11,67,181,359641,0,0,0,100
0,2,4,11,67,78,16827,0,0,0,100
0,2,10,24,67,97,221633,0,0,0,100
665,2,4,11,67,181,1964,0,0,0,100
0,2,4,12,67,181,3622,59,0,0,100
0,2,4,11,67,76,16637,0,0,0,100
57,2,10,26,67,55,4370,0,0,0,100
0,1,1,29,132,187,37436,0,7611,0,100
0,2,4,11,67,181,3161,0,0,0,100
0,2,4,12,67,181,78099,59,0,0,100
0,2,4,11,67,56,5917,0,0,0,100
0,2,4,11,67,74,20460,0,0,0,100
63,2,10,26,67,66,8742,0,0,0,100
649,2,4,11,67,181,1818,0,0,0,100
217,1,1,71,132,418,50843,0,4680,0,100
684,2,4,11,67,181,12278,0,0,0,100
58,2,4,12,67,181,3916,60,0,0,100
58,2,10,26,67,71,8787,0,0,0,100
57,2,4,12,67,181,2572,62,0,0,100
63,2,10,26,67,61,5424,0,0,0,100
55991,4,8,30,67,181,71942,38,0,0,100
1523,2,4,12,67,181,95389,60,0,0,100
617,2,4,12,67,181,2933,59,0,0,100
0,2,4,11,67,53,2108,0,0,0,100
0,2,4,12,67,181,6322,60,0,0,100
9177,2,4,12,67,181,12166,59,0,0,100
0,2,4,12,67,82,23662,15,0,0,100
0,2,4,13,67,181,155284,0,31084,0,100
0,2,4,12,67,181,1642,59,0,0,100
0,0,1,9,0,162,4098,37910,0,17,100
58,2,10,26,67,71,10719,0,0,0,100
0,2,4,11,67,79,52511,0,0,0,100
0,2,4,11,67,181,10359,0,0,0,100
1892,2,4,11,67,181,5213,0,0,0,100
0,1,1,33,132,418,29784,0,4381,0,100
0,1,4,11,132,82,25431,0,372,0,100
0,1,1,9,132,183,14328,0,0,17,100
0,2,4,11,67,85,27541,0,0,0,100
0,2,4,11,67,181,7980,0,0,0,100
0,2,4,11,67,52,1826,0,0,0,100
0,1,1,9,132,180,49189,0,161,17,100
0,2,4,11,67,181,57655,0,0,0,100
4861,2,4,12,67,181,242272,60,0,0,100
0,2,4,12,67,181,23162,0,14485,0,100
0,1,1,11,132,179,23378,0,913,17,100
61,2,4,12,67,181,1966,59,0,0,100
0,2,4,11,67,181,2619,0,0,0,100
0,1,1,16,132,234,18847,0,3350,0,100
0,0,1,9,0,162,2575,37910,0,17,100
0,1,4,11,132,101,77176,0,120,0,100
0,2,4,12,67,181,4951,59,0,0,100
0,2,4,12,67,65,2719,19,0,0,100
0,2,4,12,67,181,349784,59,0,0,100
0,2,4,11,67,57,4524,0,0,0,100
251,2,4,13,67,64,6316,0,811,0,100
58,2,4,12,67,181,4126,59,0,0,100
0,2,10,26,67,62,9559,0,0,0,100
328,2,4,11,67,181,28078,0,0,0,100
0,2,4,11,67,75,13631,0,0,0,100
0,2,4,12,67,181,3536,59,0,0,100
0,1,1,9,132,79,313,0,0,17,100
101,2,4,12,67,181,1601,59,0,0,100
0,2,4,11,67,181,34189,0,0,0,100
0,2,4,11,67,47,1071,0,0,0,100
0,2,4,11,67,181,41261,0,0,0,100
0,1,1,23,132,240,5192,0,877,17,100
0,2,4,12,67,64,6505,13,0,0,100
0,2,4,11,67,181,5786,0,0,0,100
0,2,4,12,67,98,74977,0,13457,0,100
0,2,4,16,67,181,127241,16144,8059,0,100
678,2,4,11,67,181,1866,0,0,0,100
0,2,4,11,67,181,181584,31,0,0,100
0,2,4,11,67,181,75113,0,0,0,100
0,1,1,10,132,124,1612,0,811,17,100
0,2,10,26,67,56,11484,0,0,0,100
0,1,1,10,132,103,2161,0,161,17,100
0,1,1,10,132,216,200088,0,161,17,100
146,1,1,72,132,229,352139,0,5223,0,100
328,2,4,11,67,181,8203,0,0,0,100
170,1,1,120,132,418,418058,0,7677,0,100
15991,2,4,12,67,181,20133,62,0,0,100
0,0,1,9,0,162,35613,37910,0,17,100
0,2,4,12,67,181,15541,59,0,0,100
231,1,1,7,132,418,319633,0,8514,0,100
0,2,4,12,67,181,2584,59,0,0,100
0,2,4,11,67,68,11035,0,0,0,100
170,2,4,12,67,181,10136,60,0,0,100
339,2,4,12,67,181,7265,59,0,0,100
0,1,1,10,132,186,39173,0,811,17,100
0,1,1,10,132,161,6955,0,879,17,100
0,1,1,8,132,182,25626,0,210,0,100
59,2,4,12,67,181,1474,62,0,0,100
0,2,4,11,67,63,4715,0,0,0,100
0,1,4,10,132,68,8023,0,0,0,100
0,2,4,13,67,181,335122,0,161,0,100
63995,2,4,12,67,181,65595,62,0,0,100
0,2,4,11,67,67,8255,0,0,0,100
0,2,11,29,67,52,10208,4,0,0,100
0,1,1,10,132,196,6712,0,890,17,100
0,2,4,12,67,181,194871,59,0,0,100
0,1,1,29,67,210,46447,0,8291,0,100
55360,4,8,30,67,181,94266,38,0,0,100
0,1,1,23,132,258,53434,0,811,17,100
0,2,4,12,67,181,3093,59,0,0,100
0,2,4,11,67,78,34018,0,0,0,100
0,2,4,11,67,66,6899,0,0,0,100
0,1,1,9,132,109,3418,0,0,17,100
0,2,4,11,67,181,28442,0,0,0,100
0,2,4,12,67,181,57565,59,0,0,100
0,1,4,10,132,90,10167,0,0,0,100
0,1,1,65,132,418,56426,0,9569,0,100
0,1,1,9,132,219,98473,0,0,17,100
0,2,4,12,67,181,4114,59,0,0,100
0,2,4,16,67,84,243527,16144,6233,0,100
4458,2,4,12,67,181,6772,62,0,0,100
0,2,4,11,67,181,123394,0,0,0,100
0,2,4,12,67,181,63556,59,0,0,100
0,2,4,12,67,64,8184,13,0,0,100
0,2,4,13,67,181,3448,59,161,0,100
0,2,4,12,67,181,29685,59,0,0,100
39357,2,4,12,67,181,41366,62,0,0,100
0,2,4,12,67,181,2863,59,0,0,100
0,2,4,11,67,67,12489,0,0,0,100
60,2,10,26,67,54,3253,0,0,0,100
0,1,1,9,132,228,97146,0,0,17,100
4777,2,4,12,67,181,227007,60,0,0,100
62,2,10,26,67,62,3327,0,0,0,100
24074,2,4,14,67,181,110578,0,22,0,100
0,2,4,12,67,181,7133,62,0,0,100
0,1,4,10,132,79,62687,0,0,0,100
61,2,4,12,67,181,43474,59,0,0,100
0,1,1,22,132,226,10775,0,0,17,100
0,2,4,11,67,63,2161,0,0,0,100
1697,2,4,11,67,181,10329,0,0,0,100
0,1,1,7,67,418,4195,14,0,0,100
0,0,1,9,0,162,4098,37910,0,17,100
328,1,1,16,132,216,14586,0,0,0,100
0,2,4,11,67,66,6776,0,0,0,100
0,0,1,9,0,162,45636,37910,0,17,100
0,1,4,11,132,62,8782,0,128,0,100
0,2,4,12,67,181,29280,60,0,0,100
0,2,4,11,67,60,13117,0,0,0,100
0,2,4,12,67,181,137194,60,0,0,100
0,1,1,9,132,194,50969,0,0,17,100
76,1,1,95,132,418,146029,0,0,0,100
0,1,1,18,132,418,17427,0,4680,0,100
0,2,4,12,67,181,13800,59,0,0,100
117,2,4,12,67,181,2434,59,0,0,100
0,1,1,12,132,418,10951,0,6146,0,100
0,1,1,9,132,169,17375,0,0,17,100
0,2,4,11,67,60,3202,0,0,0,100
0,2,4,11,67,68,11819,0,0,0,100
0,1,4,10,132,65,3089,0,0,0,100
340,2,4,12,67,181,4174,59,0,0,100
0,2,4,12,67,181,41081,59,0,0,100
0,1,1,18,132,267,354424,0,8293,0,100
51986,2,4,12,67,80,77180,59,0,0,100
21752,2,4,12,67,181,24155,59,0,0,100
0,0,0,1,0,0,2483,0,0,0,100
0,0,0,1,0,0,44652,0,0,0,100
0,0,0,9,0,0,130768,0,28123,0,100
0,1,0,1,46968,0,25355,0,0,0,100
0,0,0,1,0,0,14154,0,0,0,100
0,0,0,1,0,0,3713,0,0,0,100
0,0,0,1,0,0,3376,0,0,0,100
0,0,1,3,0,7627,12713,52480,0,0,100
0,0,0,3,0,0,36651,0,0,0,100
0,0,0,2,0,0,3955,0,0,0,100
0,0,0,1,0,0,13664,0,0,0,100
0,0,0,1,0,0,5997,0,0,0,100
0,0,0,2,0,0,98956,56852,0,0,100
0,0,0,1,0,0,4535,0,0,31153,100
0,0,0,1,0,0,2531,0,0,0,100
0,0,0,1,0,0,4939,0,0,0,100
0,0,0,4,0,0,55383,0,0,0,100
0,0,0,1,0,0,35415,0,0,0,100
0,0,0,2,0,0,1811,0,0,0,100
0,0,0,1,0,0,10318,0,0,0,100
0,0,0,2,0,0,7607,0,0,0,100
0,0,0,6,0,0,94275,0,0,0,100
0,2,0,13,19564,0,339962,0,0,0,100
0,0,0,1,0,0,21334,0,0,0,100
0,0,0,1,0,0,4896,0,0,0,100
0,0,0,0,0,0,1498,0,0,0,100
0,0,0,1,0,0,17036,0,0,0,100
35785,0,0,5,0,0,49438,0,0,15064,100
0,0,0,1,0,0,14167,0,0,0,100
0,0,0,1,0,0,8862,0,0,0,100
0,0,0,1,0,0,6571,0,0,0,100
0,0,0,1,0,0,6270,0,0,0,100
0,0,0,0,0,0,2942,0,0,0,100
0,0,0,2,0,0,28284,0,0,0,100
0,0,0,3,0,0,4762,0,0,0,100
0,0,0,1,0,0,17036,0,0,0,100
0,0,0,1,0,0,25804,0,0,0,100
0,0,0,4,0,0,42962,0,0,0,100
0,0,0,1,0,0,8392,0,0,0,100
0,0,0,3,0,0,24925,0,0,0,100
0,0,0,1,0,0,3675,0,0,0,100
0,0,0,0,0,0,1282,0,0,0,100
0,0,0,1,0,0,2844,0,0,0,100
0,0,0,0,0,0,2321,0,0,0,100
0,0,0,1,0,0,34239,0,0,0,100
0,0,0,1,0,0,8460,0,0,0,100
0,0,0,1,0,0,7015,0,0,0,100
0,0,0,1,0,0,9055,0,0,0,100
0,0,0,1,0,0,11811,0,0,0,100
0,0,0,1,0,0,6353,0,0,0,100
0,0,0,1,0,0,10916,0,0,0,100
0,0,0,3,0,0,27768,0,0,0,100
0,0,0,13,0,0,328745,43435,0,0,100
0,0,0,1,0,0,1594,0,0,0,100
0,0,0,1,0,0,7934,0,0,0,100
0,0,0,2,0,0,78087,0,0,0,100
0,0,0,1,0,0,5801,0,0,0,100
0,0,0,1,0,0,6606,0,0,0,100
0,0,0,1,0,0,3170,0,0,0,100
0,1,0,1,34682,0,5361,0,0,0,100
0,0,0,1,0,0,1752,0,0,0,100
0,0,0,2,0,0,23864,0,0,0,100
0,0,0,1,0,0,27156,0,0,0,100
0,0,0,0,0,0,4427,0,0,0,100
0,0,0,2,0,0,29503,0,0,0,100
0,0,0,11,0,0,343421,0,0,0,100
0,0,0,1,0,0,1752,0,0,0,100
0,0,0,2,0,0,8151,0,0,0,100
0,0,0,1,0,0,1920,0,0,0,100
0,0,0,8,0,0,213275,0,57482,0,100
0,0,0,1,0,0,7118,0,0,0,100
0,0,0,2,0,0,5511,0,0,0,100
0,0,0,1,0,0,3210,0,0,0,100
0,0,0,1,0,0,443,0,0,0,100
0,0,0,1,0,0,7293,0,0,0,100
20892,1,0,4,6747,0,30995,0,0,0,100
0,0,0,1,0,0,1469,0,0,0,100
0,0,0,1,0,0,4844,0,0,0,100
0,0,1,3,0,63222,25907,0,0,0,100
0,0,0,0,0,0,494,0,0,0,100
0,0,0,5,0,0,80529,0,0,0,100
0,0,0,2,0,0,30214,0,0,0,100
0,0,0,2,0,0,4209,0,0,0,100
0,0,0,1,0,0,2396,0,0,0,100
0,0,0,1,0,0,23242,0,0,0,100
0,0,0,2,0,0,10309,27252,0,0,100
0,0,0,1,0,0,9237,0,0,0,100
0,0,0,1,0,0,2566,0,0,0,100
14966,0,0,8,0,0,238439,0,0,0,100
0,0,0,2,0,0,3618,0,0,0,100
0,0,0,1,0,0,4224,0,0,0,100
0,0,0,2,0,0,15288,0,0,0,100
0,0,0,1,0,0,1761,0,0,0,100
0,0,0,1,0,0,8412,0,0,0,100
0,0,0,2,0,0,3482,0,0,0,100
0,0,0,1,0,0,2025,0,0,0,100
0,0,0,1,0,0,11464,0,0,0,100
0,0,0,1,0,0,3085,0,0,0,100
0,0,0,3,0,0,21762,0,0,0,100
0,0,0,1,0,0,11498,0,0,0,100
0,0,0,1,0,0,38954,0,0,0,100
0,0,0,0,0,0,3553,0,0,0,100
0,0,0,1,0,0,12032,0,0,0,100
0,0,0,6,0,0,225193,56935,0,0,100
0,0,0,2,0,0,7280,0,0,0,100
0,0,0,2,0,0,73494,0,0,0,100
0,0,1,7,0,26349,223345,0,0,0,100
0,0,0,4,0,0,57735,0,0,0,100
0,0,0,2,0,0,75082,0,0,0,100
0,0,0,6,0,0,152234,0,0,0,100
0,0,0,1,0,0,7120,0,0,0,100
0,1,0,2,58361,0,5891,0,0,0,100
0,0,0,1,0,0,5669,0,0,0,100
0,0,0,3,0,0,92620,0,0,0,100
0,0,0,2,0,0,10911,0,0,0,100
0,0,0,2,0,0,4644,0,0,0,100
0,0,0,1,0,0,15623,0,0,0,100
0,0,0,1,0,0,8367,0,0,0,100
0,0,0,1,0,0,10064,0,0,0,100
0,0,0,1,0,0,5903,0,0,0,100
9156,0,0,2,0,0,9941,0,0,0,100
17048,0,0,2,0,0,17554,0,0,0,100
0,0,0,3,0,0,96225,0,0,0,100
0,0,0,1,0,0,1667,0,0,0,100
0,0,0,1,0,0,22033,0,0,0,100
0,0,0,26,0,0,467225,17252,0,0,100
0,0,0,1,0,0,5429,0,0,0,100
0,0,0,1,0,0,3309,0,0,0,100
0,0,0,1,0,0,13811,0,0,0,100
0,0,0,2,0,0,9665,0,0,0,100
0,0,0,1,0,0,3855,0,0,0,100
0,0,0,1,0,0,2620,0,0,0,100
0,0,0,2,0,0,39330,0,0,0,100
0,0,0,2,0,0,12039,0,0,0,100
0,0,0,1,0,0,8436,0,0,0,100
0,0,0,1,0,0,6717,0,0,0,100
0,0,0,1,0,0,16817,0,0,0,100
269834,0,0,11,0,0,320165,0,0,0,100
0,0,0,1,0,0,2425,0,0,0,100
0,0,0,1,0,0,5038,0,0,0,100
0,0,1,2,0,27252,4663,0,0,0,100
0,0,0,3,0,0,5995,0,0,0,100
0,0,0,15,0,0,456125,21555,0,0,100
0,0,0,2,0,0,10044,0,0,0,100
0,0,0,1,0,0,11603,0,0,0,100
0,0,0,2,0,0,4349,0,0,0,100
0,0,0,2,0,0,53097,0,0,0,100
4064,0,0,2,0,0,4320,0,0,0,100
0,0,0,4,0,0,35814,0,0,0,100
0,0,0,1,0,0,12248,0,0,0,100
0,0,0,1,0,0,10888,0,0,0,100
0,0,0,2,0,0,6998,0,0,0,100
0,0,0,1,0,0,2077,0,0,0,100
0,0,0,1,0,0,4035,0,0,0,100
0,0,0,0,0,0,465,0,0,0,100
0,0,0,1,0,0,13755,0,0,0,100
0,0,0,8,0,0,187732,0,0,51953,100
0,1,0,5,58409,0,57252,0,0,0,100
0,0,0,1,0,0,3338,0,0,0,100
0,0,0,3,0,0,25774,0,0,0,100
0,0,0,1,0,0,21366,0,0,0,100
0,0,0,12,0,0,334319,0,0,0,100
0,0,0,1,0,0,9973,0,0,0,100
0,0,0,0,0,0,3452,0,0,0,100
0,0,0,1,0,0,6802,0,0,0,100
0,0,0,3,0,0,17094,0,0,54192,100
1726,0,0,2,0,0,2679,0,0,0,100
8184,0,0,2,0,0,9185,0,0,0,100
0,0,0,1,0,0,2496,0,0,0,100
0,0,0,1,0,0,8656,0,0,0,100
136579,0,0,9,0,0,169730,0,0,0,100
0,0,0,1,0,0,3986,0,0,0,100
0,0,0,1,0,0,48345,0,0,0,100
0,0,0,1,0,0,3539,0,0,0,100
0,0,0,1,0,0,7484,0,0,0,100
0,0,0,1,0,0,11810,0,0,0,100
0,0,0,0,0,0,689,0,0,0,100
0,0,0,2,0,0,34205,0,0,0,100
0,0,1,1,0,64554,2323,0,0,0,100
0,0,0,3,0,0,82165,0,16417,0,100
0,0,0,1,0,0,6007,0,0,0,100
0,0,0,2,0,0,27993,0,0,0,100
0,0,0,1,0,0,4851,0,0,0,100
0,0,0,1,0,0,24933,0,0,0,100
0,0,0,5,0,0,10272,0,0,0,100
0,0,0,2,0,0,8306,0,0,0,100
0,0,0,1,0,0,2025,0,0,0,100
0,0,0,2,0,0,4512,0,0,0,100
0,0,0,2,0,0,28951,0,0,0,100
0,0,0,1,0,0,8081,0,0,0,100
0,0,0,1,0,0,5240,0,0,50936,100
0,0,0,7,0,0,199360,0,0,0,100
0,0,0,1,0,0,2049,0,0,0,100
0,0,0,1,0,0,555,0,0,0,100
0,0,0,3,0,0,5468,0,0,0,100
0,0,0,1,0,0,4451,0,0,0,100
0,0,0,1,0,0,13512,0,0,0,100
0,1,0,1,23837,0,11234,0,0,0,100
0,0,0,0,0,0,2007,0,0,0,100
0,0,0,1,0,0,1990,0,30195,0,100
0,0,0,1,0,0,5517,0,0,0,100
0,0,0,1,0,0,9943,0,0,0,100
0,0,0,1,0,0,1955,0,0,0,100
0,0,0,1,0,0,3343,0,0,0,100
0,0,0,1,0,0,40994,0,0,0,100
0,0,0,6,0,0,41078,0,0,0,100
0,0,0,1,0,0,2073,0,0,0,100
0,0,0,3,0,0,59559,0,0,0,100
0,0,0,2,0,0,45545,0,0,0,100
0,0,0,1,0,0,2612,0,0,0,100
0,0,0,1,0,0,3414,0,0,0,100
0,0,0,1,0,0,2773,0,0,0,100
0,0,0,1,0,0,8764,0,0,0,100
0,0,0,1,0,0,12437,0,0,0,100
74754,0,0,31,0,0,644407,0,0,32665,100
0,0,0,1,0,0,16857,0,0,0,100
0,0,0,8,0,0,249402,0,0,0,100
0,0,0,3,0,0,7081,0,0,3229,100
0,0,0,1,0,0,29621,0,0,0,100
0,0,0,1,0,0,2737,0,0,0,100
0,0,0,2,0,0,7709,0,0,0,100
202680,0,0,13,0,0,401021,57065,0,0,100
0,0,0,3,0,0,38049,0,0,0,100
11697,0,0,3,0,0,13313,0,0,0,100
0,0,0,1,0,0,5260,0,0,0,100
0,0,0,2,0,0,27699,0,0,33964,100
0,0,1,8,0,24473,181427,0,0,0,100
0,0,0,1,0,0,23718,0,0,0,100
0,0,0,1,0,0,3178,0,0,0,100
0,0,0,1,0,0,10238,0,0,0,100
0,0,0,1,0,0,3921,0,0,0,100
0,0,0,1,0,0,2627,0,0,0,100
0,0,0,13,0,0,320391,0,0,0,100
0,0,0,2,0,0,33094,0,0,0,100
2499280,2,1,101,62344,63239,2945005,34949,22339,13658,100
0,0,0,3,0,0,76873,0,0,0,100
0,0,0,2,0,0,3612,0,0,0,100
0,0,0,0,0,0,1229,0,0,0,100
0,0,0,3,0,0,8235,0,0,0,100
0,0,0,2,0,0,41368,0,0,0,100
0,0,0,3,0,0,60131,0,0,0,100
0,0,0,1,0,0,10338,0,0,0,100
0,0,0,1,0,0,2364,0,0,0,100
0,1,0,1,65301,0,2371,0,0,0,100
4617,0,0,3,0,0,56352,0,0,0,100
0,0,0,1,0,0,9135,0,0,0,100
0,0,0,1,0,0,5375,0,0,0,100
0,0,0,1,0,0,13116,0,0,0,100
0,0,0,2,0,0,20087,0,0,0,100
0,0,0,1,0,0,2074,0,0,0,100
0,0,0,2,0,0,5847,0,0,3945,100
0,0,0,0,0,0,1150,0,0,0,100
0,0,0,2,0,0,10822,0,0,0,100
0,0,0,1,0,0,728,0,0,0,100
0,0,0,5,0,0,108402,0,10643,0,100
0,0,0,1,0,0,2958,0,0,0,100
0,0,0,1,0,0,14955,0,0,0,100
0,0,0,3,0,0,7471,0,0,0,100
0,0,0,1,0,0,4758,0,0,0,100
0,0,0,1,0,0,43571,0,0,0,100
0,0,0,27,0,0,725738,0,0,0,100
0,0,0,1,0,0,2274,0,0,0,100
0,0,0,1,0,0,9795,0,0,0,100
0,0,0,1,0,0,2314,0,0,0,100
0,0,0,1,0,0,4283,0,0,0,100
0,0,0,1,0,0,8733,0,0,0,100
0,0,0,1,0,0,8202,32202,0,0,100
0,0,0,4,0,0,129859,0,0,0,100
0,0,0,4,0,0,109159,0,0,0,100
0,0,0,1,0,0,5344,0,0,0,100
0,0,0,1,0,0,9624,0,0,0,100
0,0,0,1,0,0,10452,0,0,0,100
0,0,0,1,0,0,7231,0,0,0,100
0,0,0,1,0,0,3285,0,0,0,100
0,0,0,2,0,0,61890,0,0,0,100
0,0,0,1,0,0,6365,0,0,0,100
0,0,1,3,0,56534,12186,0,0,0,100
0,0,0,1,0,0,2958,0,0,0,100
0,0,0,3,0,0,42753,0,0,0,100
0,0,0,1,0,0,10050,0,0,0,100
0,0,0,2,0,0,41503,0,0,0,100
0,0,0,1,0,0,9909,0,0,0,100
0,0,0,1,0,0,15902,0,0,0,100
0,0,0,2,0,0,30368,0,0,0,100
0,0,0,2,0,0,8955,0,0,0,100
0,0,0,1,0,0,4174,0,0,0,100
0,0,0,6,0,0,98629,0,0,0,100
0,0,0,1,0,0,8857,0,0,0,100
0,0,0,2,0,0,10973,0,0,0,100
0,0,0,1,0,0,8247,0,0,0,100
0,0,0,0,0,0,597,0,0,0,100
0,0,0,2,0,0,34678,0,0,0,100
0,0,0,1,0,0,4571,0,0,0,100
0,0,0,1,0,0,4508,0,0,0,100
0,0,0,1,0,0,34220,0,0,0,100
0,0,0,1,0,0,2440,0,0,0,100
0,0,0,3,0,0,62624,0,0,0,100
0,0,0,1,0,0,9314,0,0,0,100
0,0,0,4,0,0,43304,0,0,0,100
0,0,0,1,0,0,3282,0,21706,0,100
0,0,0,1,0,0,2603,0,0,0,100
0,0,0,1,0,0,16415,0,0,0,100
0,0,0,1,0,0,3743,0,0,0,100
0,0,0,1,0,0,1424,0,0,0,100
0,0,0,1,0,0,10567,0,0,0,100
0,0,0,5,0,0,103383,0,0,0,100
0,0,0,1,0,0,6421,0,0,0,100
0,0,0,1,0,0,5654,0,0,0,100
0,0,0,3,0,0,42423,0,0,0,100
0,0,0,1,0,0,2409,0,0,0,100
0,0,0,2,0,0,10813,0,0,0,100
0,0,0,1,0,0,22533,0,0,0,100
0,0,0,2,0,0,37032,62211,0,0,100
0,0,0,1,0,0,3493,0,0,0,100
0,0,0,1,0,0,8688,0,0,0,100
0,0,0,10,0,0,316787,0,0,0,100
0,0,0,0,0,0,2595,0,0,0,100
0,0,0,1,0,0,14200,0,0,0,100
0,0,0,1,0,0,1178,0,0,0,100
0,0,0,3,0,0,63658,44660,0,0,100
0,0,0,1,0,0,3716,48169,0,0,100
0,0,0,4,0,0,52667,0,0,0,100
0,0,0,3,0,0,8837,0,0,0,100
0,0,0,1,0,0,6144,0,0,0,100
0,0,0,1,0,0,1471,0,0,0,100
0,0,0,1,0,0,2295,0,0,0,100
